pull_req_id,project_name,lang,github_id,created_at,merged_at,closed_at,lifetime_minutes,mergetime_minutes,merged_using,conflict,forward_links,team_size,num_commits,num_commit_comments,num_issue_comments,num_comments,num_participants,files_added,files_deleted,files_modified,files_changed,src_files,doc_files,other_files,perc_external_contribs,sloc,src_churn,test_churn,commits_on_files_touched,test_lines_per_kloc,test_cases_per_kloc,asserts_per_kloc,watchers,requester,prev_pullreqs,requester_succ_rate,followers,intra_branch,main_team_member
733403,bbatsov/ruby-style-guide,ruby,61,1318885539,1319441710,1319441710,9269,9269,github,false,false,4,1,0,0,0,1,0,0,1,1,0,1,0,38,79,0,0,113,1025.3164556962024,139.2405063291139,164.55696202531644,3042,eremite,0,0,0,false,false
733408,bbatsov/ruby-style-guide,ruby,60,1318147957,1318148474,1318148474,8,8,github,false,false,4,1,0,2,2,1,0,0,1,1,0,0,0,38,79,0,0,1,1025.3164556962024,139.2405063291139,164.55696202531644,3020,tmaier,0,0,2,false,false
733210,bbatsov/ruby-style-guide,ruby,59,1318143146,1318145334,1318145334,36,36,github,false,false,4,1,0,0,0,2,0,0,1,1,0,1,0,38,79,0,0,106,1025.3164556962024,139.2405063291139,164.55696202531644,3020,originell,0,0,3,false,false
733414,bbatsov/ruby-style-guide,ruby,58,1318012347,1318014352,1318014352,33,33,github,false,false,4,1,0,0,0,2,0,0,1,1,0,1,0,38,79,0,0,105,1025.3164556962024,139.2405063291139,164.55696202531644,3016,philtr,2,1.0,14,false,false
733213,bbatsov/ruby-style-guide,ruby,57,1317828196,1317835859,1317835859,127,127,github,false,false,4,1,0,0,0,1,0,0,1,1,0,1,0,37,79,0,0,104,1025.3164556962024,139.2405063291139,164.55696202531644,3013,mitio,5,0.8,26,false,false
733214,bbatsov/ruby-style-guide,ruby,56,1317825899,1317827259,1317827259,22,22,github,false,false,4,2,0,0,0,1,1,0,1,2,0,1,1,37,79,0,0,101,1025.3164556962024,139.2405063291139,164.55696202531644,3013,philips,0,0,31,false,false
733418,bbatsov/ruby-style-guide,ruby,55,1317823687,1317827322,1317827322,60,60,github,false,false,4,1,0,4,4,3,0,0,1,1,0,1,0,37,79,0,0,101,1025.3164556962024,139.2405063291139,164.55696202531644,3011,philtr,1,1.0,14,false,false
733420,bbatsov/ruby-style-guide,ruby,51,1317635751,1317637068,1317637068,21,21,github,false,false,4,1,0,2,2,1,0,0,1,1,0,1,0,37,79,0,0,100,1025.3164556962024,139.2405063291139,164.55696202531644,3006,Heliosmaster,0,0,3,false,false
