pull_req_id,project_name,github_id,created_at,merged_at,closed_at,lifetime_minutes,mergetime_minutes,team_size,num_commits,num_comments,files_changed,perc_external_contribs,sloc,src_churn,test_churn,commits_on_files_touched,test_lines_per_1000_lines,watchers,requester,prev_pullreqs,requester_succ_rate,followers
653580,delayed_job_mongoid,31,1350029290,1350051132,1350051132,364,364,1,1,1,1,33,79,0,0,1,291.1392405063291,136,jamesalmond,0,0,9
653579,delayed_job_mongoid,28,1343234624,1343234797,1343234797,2,2,2,1,0,1,100,87,6,0,0,471.2643678160919,131,hck,0,0,2
119721,delayed_job_mongoid,26,1336672658,,1343937415,121079,,1,6,17,9,50,79,57,28,0,291.1392405063291,121,asavartsov,0,0,1
653576,delayed_job_mongoid,17,1317031335,,1317357854,5441,,2,1,2,1,100,72,3,0,0,569.4444444444445,112,jonathannen,0,0,4
653577,delayed_job_mongoid,16,1316008703,1317386334,1317386334,22960,22960,2,1,4,1,50,72,2,0,1,569.4444444444445,112,cyrilpic,0,0,0
653574,delayed_job_mongoid,14,1313469145,,1343320254,497518,,1,5,1,5,50,87,201,0,0,471.2643678160919,112,LongMan,0,0,11
653575,delayed_job_mongoid,13,1312562160,1314102880,1314102880,25678,25678,1,1,5,1,0,77,2,0,0,532.4675324675325,112,davekrupinski,0,0,2
653572,delayed_job_mongoid,4,1290636120,1291223516,1291252316,10269,9789,2,1,2,1,16,72,4,0,5,569.4444444444445,101,beljun,1,1.0,0
653573,delayed_job_mongoid,3,1290602213,1290624299,1290653099,848,368,2,2,4,2,14,83,32,0,4,493.9759036144578,101,beljun,0,0,0
