pull_req_id, project_name, github_id, created_at,merged_at, lifetime_minutes, team_size_at_merge, num_commits, num_comments, total_commits_last_month, main_team_commits_last_month, sloc, churn, commits_on_files_touched, test_lines_per_1000_lines, test_cases_per_1000_lines, assertions_per_1000_lines
228340, elasticsearch, 2126, 1343675854, 1343902144, 3771, 4, 0, 0, 134, 0, 191477, 0, 0, 173.73888247674654, 1282.9217086125227, 35.983434041686465
280604, elasticsearch, 1741, 1330351275, 1330360661, 156, 1, 1, 0, 112, 95, 174661, 4, 2, 179.7825501972392, 1300.3818826183294, 37.850464614310006
280608, elasticsearch, 1742, 1330351314, 1330360620, 155, 1, 1, 0, 112, 95, 174661, 3, 1, 179.7825501972392, 1300.3818826183294, 37.850464614310006
276486, elasticsearch, 1719, 1329518772, 1329588691, 1165, 1, 1, 0, 81, 66, 173978, 32, 5, 179.37325408959754, 1281.9149547643956, 37.72890825276759
276705, elasticsearch, 1716, 1329513055, 1329588610, 1259, 1, 1, 0, 81, 66, 173916, 226, 2, 179.43719956760734, 1282.3719496768556, 37.74235837990754
276213, elasticsearch, 1714, 1329482762, 1329588368, 1760, 1, 1, 0, 81, 66, 173916, 25, 5, 179.43719956760734, 1282.3719496768556, 37.74235837990754
276275, elasticsearch, 1715, 1329489949, 1329497589, 127, 1, 1, 0, 76, 63, 173912, 10, 1, 179.4413266479599, 1282.4014444086665, 37.74322645935876
275741, elasticsearch, 1707, 1329399035, 1329416116, 284, 1, 1, 0, 69, 58, 173698, 2, 1, 179.1442618798144, 1273.00256767493, 37.70337021727366
