pull_req_id,project_name,lang,github_id,created_at,merged_at,closed_at,lifetime_minutes,mergetime_minutes,merged_using,conflict,forward_links,team_size,num_commits,num_commit_comments,num_issue_comments,num_comments,num_participants,files_added,files_deleted,files_modified,files_changed,src_files,doc_files,other_files,perc_external_contribs,sloc,src_churn,test_churn,commits_on_files_touched,test_lines_per_kloc,test_cases_per_kloc,asserts_per_kloc,watchers,requester,prev_pullreqs,requester_succ_rate,followers,intra_branch,main_team_member
1037311,huacnlee/ruby-china,ruby,263,1332686680,1332718883,1332718883,536,536,commit_sha_in_comments,false,false,11,3,0,0,0,2,0,0,8,8,4,4,0,45,3415,95,0,0,583.8945827232797,66.17862371888727,113.61639824304538,324,FoGhost,1,0.0,1,false,false
1037312,huacnlee/ruby-china,ruby,262,1332668592,,1332683524,248,,unknown,false,false,11,3,0,2,2,2,0,0,4,4,3,1,0,45,3415,85,0,0,583.8945827232797,66.17862371888727,113.61639824304538,324,FoGhost,0,0,1,false,false
1037008,huacnlee/ruby-china,ruby,258,1332389643,1332389687,1332389687,0,0,github,false,false,11,1,0,0,0,0,0,0,1,1,1,0,0,45,3414,3,0,11,584.0656121851201,66.19800820152314,113.64967779730522,638,qichunren,0,0,66,false,false
1037308,huacnlee/ruby-china,ruby,256,1332329418,1332329736,1332329736,5,5,github,false,false,11,1,0,0,0,0,0,0,2,2,0,2,0,45,3414,0,0,1,584.0656121851201,66.19800820152314,113.64967779730522,636,Fleurer,0,0,192,false,false
1037006,huacnlee/ruby-china,ruby,255,1332320530,1332320859,1332320860,5,5,github,false,false,11,3,0,0,0,0,0,0,2,2,2,0,0,45,3414,6,0,69,584.0656121851201,66.19800820152314,113.64967779730522,634,ichord,6,0.6666666666666666,22,false,false
1037004,huacnlee/ruby-china,ruby,245,1332134229,1332134422,1332134422,3,3,github,false,false,11,3,0,0,0,2,0,3,3,6,4,1,0,45,3414,565,0,46,584.0656121851201,66.19800820152314,113.64967779730522,630,ichord,5,0.6,20,false,false
53594,huacnlee/ruby-china,ruby,244,1332046224,1332072226,1332072226,433,433,github,false,false,11,3,0,0,0,0,0,0,7,7,1,6,0,45,3414,4,0,19,584.0656121851201,66.19800820152314,113.64967779730522,313,siuying,7,0.5714285714285714,42,false,false
377915,huacnlee/ruby-china,ruby,241,1331863598,,1331863878,4,,unknown,false,false,11,250,0,0,0,2,76,45,210,331,191,84,19,45,3407,5028,2133,0,581.7434693278543,66.04050484297036,113.29615497505137,614,ichord,4,0.75,20,true,false
