pull_req_id,project_name,github_id,created_at,merged_at,closed_at,lifetime_minutes,mergetime_minutes,team_size,num_commits,num_comments,files_changed,perc_external_contribs,sloc,src_churn,test_churn,commits_on_files_touched,test_lines_per_1000_lines,watchers,requester,prev_pullreqs,requester_succ_rate,followers
30751,tango,9,1329248733,1331177325,1331177325,32143,32143,3,3,2,7,100,361,42,30,0,1434.9030470914129,15,ileitch,2,0.0,20
30658,tango,8,1329242584,,1329478466,3931,,3,1,6,3,100,361,40,70,0,1434.9030470914129,15,ileitch,1,0.0,20
603071,tango,3,1302664014,,1302664038,0,,1,1,1,7,2,209,50,28,0,1363.6363636363635,14,ryan-allen,1,0.0,68
40039,tango,2,1302663399,,1329949974,454716,,1,3,3,9,2,209,50,31,0,1363.6363636363635,14,ryan-allen,0,0,68
603072,tango,1,1302583934,1302584090,1302584090,2,2,1,1,1,1,2,206,4,0,3,1310.6796116504854,14,lparry,0,0,6
